{  
   "contacts":[  
      {  
         "firstName":"Ajay",
         "middleName":"",
         "lastName":"Shrestha",
         "address":"Balkumari,Lalitpur",
         "country":"Nepal",
         "projectGroup":"Android",
         "officialEmail":"ajay.shrestha@procit.com",
         "personalEmail":"backcross50@gmail.com",
         "mobilePhoneA":"9808719313",
         "mobilePhoneB":"",
         "homePhoneA":"",
         "homePhoneB":"",
         "emergencyPhoneA":"9851057447",
         "emergencyPhoneB":"",
         "bloodGroup":"",
         "birthDay":"1990-08-19",
         "image":"",
               "latitude": 27.710358,
               "longitude": 85.321949,
         "dateCreated":"",
         "dateModified":null,
         "oldVersion":10,
         "dateDeleted":null
      },
      {  
         "firstName":"Aakash",
         "middleName":"",
         "lastName":"Tandukar",
         "address":"Tinkune",
         "country":"Nepal",
         "projectGroup":"IOS",
         "officialEmail":"aakash.tandukar@procit.com",
         "personalEmail":"aakash_tandukar@hotmail.com",
         "mobilePhoneA":"9841080164",
         "mobilePhoneB":"",
         "homePhoneA":"",
         "homePhoneB":"",
         "emergencyPhoneA":"9841282911",
         "emergencyPhoneB":"",
         "bloodGroup":"",
         "birthDay":"1993-03-14",
         "image":"",
               "latitude": 27.685848,
               "longitude": 85.343959,
         "dateCreated":"",
         "dateModified":null,
         "dateDeleted":null
      },
      {  
         "firstName":"Alka",
         "middleName":"",
         "lastName":"Gurung",
         "address":"Gongabu",
         "country":"Nepal",
         "projectGroup":"Simim-NBR",
         "officialEmail":"alka.gurung@procit.com",
         "personalEmail":"alka.gurung@gmail.com",
         "mobilePhoneA":"9841345076",
         "mobilePhoneB":"",
         "homePhoneA":"01-4380106",
         "homePhoneB":"",
         "emergencyPhoneA":"",
         "emergencyPhoneB":"",
         "bloodGroup":"B+Ve",
         "birthDay":"1979-06-30",
         "image":"",
               "latitude": 27.710358,
               "longitude": 85.321949,
         "dateCreated":"",
         "dateModified":null,
         "dateDeleted":null
      },
      {  
         "firstName":"Bal Krishna",
         "middleName":"",
         "lastName":"Shrestha",
         "address":"Sanga,Kavre",
         "country":"Nepal",
         "projectGroup":"Android",
         "officialEmail":"balkrishna.shrestha@procit.com",
         "personalEmail":"",
         "mobilePhoneA":"9841278788",
         "mobilePhoneB":"",
         "homePhoneA":"",
         "homePhoneB":"",
         "emergencyPhoneA":"",
         "emergencyPhoneB":"",
         "bloodGroup":"",
         "birthDay":"1987-10-7",
         "image":"",
               "latitude": 27.710358,
               "longitude": 85.321949,
         "dateCreated":"",
         "dateModified":null,
         "dateDeleted":null
      },
      {  
         "firstName":"Bikram",
         "middleName":"",
         "lastName":"Pradhan",
         "address":"Golfutar,Dhapasi",
         "country":"Nepal",
         "projectGroup":"Android",
         "officialEmail":"bikram.pradhan@procit.com",
         "personalEmail":"bekrampradhan@gmail.com",
         "mobilePhoneA":"9841906892",
         "mobilePhoneB":"",
         "homePhoneA":"01-4372878",
         "homePhoneB":"",
         "emergencyPhoneA":"9849944451",
         "emergencyPhoneB":"9849606541",
         "bloodGroup":"",
         "birthDay":"1989-09-14",
         "image":"",
               "latitude": 27.710358,
               "longitude": 85.321949,
         "dateCreated":"",
         "dateModified":null,
         "dateDeleted":null
      },
      {  
         "firstName":"Biraj",
         "middleName":"",
         "lastName":"Manandhar",
         "address":"Kamalbinayak, Bhaktapur",
         "country":"Nepal",
         "projectGroup":"Android",
         "officialEmail":"biraj.manandhar@procit.com",
         "personalEmail":"biraj.manandhar@gmail.com",
         "mobilePhoneA":"9841495178",
         "mobilePhoneB":"",
         "homePhoneA":"016610876",
         "homePhoneB":"",
         "emergencyPhoneA":"9745002084",
         "emergencyPhoneB":"",
         "bloodGroup":"",
         "birthDay":"1991-02-06",
         "image":"",
               "latitude": 27.710358,
               "longitude": 85.321949,
         "dateCreated":"",
         "dateModified":null,
         "dateDeleted":null
      },
      {  
         "firstName":"Dhiraj",
         "middleName":"",
         "lastName":"Dhakal",
         "address":"Ratopool",
         "country":"Nepal",
         "projectGroup":"Talend",
         "officialEmail":"dhiraj.dhakal@procit.com",
         "personalEmail":"",
         "mobilePhoneA":"9841448522",
         "mobilePhoneB":"",
         "homePhoneA":"01-4429864",
         "homePhoneB":"",
         "emergencyPhoneA":"9849498303",
         "emergencyPhoneB":"",
         "bloodGroup":"O+ve",
         "birthDay":"1988-10-13",
         "image":"",
               "latitude": 27.710358,
               "longitude": 85.321949,
         "dateCreated":"",
         "dateModified":null,
         "dateDeleted":null
      },
      {  
         "firstName":"Mathura",
         "middleName":"Narayan",
         "lastName":"Manandahr",
         "address":"Thamel Marg 793",
         "country":"Nepal",
         "projectGroup":"Accountant",
         "officialEmail":"mathura.manandhar@procit.com",
         "personalEmail":"mathura_manandhar@hotmail.com",
         "mobilePhoneA":"9841642679",
         "mobilePhoneB":"",
         "homePhoneA":"01-4433509",
         "homePhoneB":"",
         "emergencyPhoneA":"",
         "emergencyPhoneB":"",
         "bloodGroup":"B+Ve",
         "birthDay":"1979-05-29",
         "image":"",
               "latitude": 27.710358,
               "longitude": 85.321949,
         "dateCreated":"",
         "dateModified":null,
         "dateDeleted":null
      },
      {  
         "firstName":"Mishu",
         "middleName":"",
         "lastName":"Shrestha",
         "address":"Mhepi, Kathmandu",
         "country":"Nepal",
         "projectGroup":"HR Assistant and Data Entry Officer",
         "officialEmail":"mishu.shrestha@procit.com",
         "personalEmail":"swet.misu@gmail.com",
         "mobilePhoneA":"9841025155",
         "mobilePhoneB":"",
         "homePhoneA":"",
         "homePhoneB":"",
         "emergencyPhoneA":"9800740140",
         "emergencyPhoneB":"",
         "bloodGroup":"O+ve",
         "birthDay":"1990-02-08",
         "image":"",
               "latitude": 27.710358,
               "longitude": 85.321949,
         "dateCreated":"",
         "dateModified":null,
         "dateDeleted":null
      },
      {  
         "firstName":"Nabin",
         "middleName":"",
         "lastName":"Prajapati",
         "address":"Suryabinayak",
         "country":"Nepal",
         "projectGroup":"Simim-NBR",
         "officialEmail":"nabin.prajapati@procit.com",
         "personalEmail":"naw33n@gmail.com",
         "mobilePhoneA":"9841432993",
         "mobilePhoneB":"",
         "homePhoneA":"",
         "homePhoneB":"",
         "emergencyPhoneA":"9841958597",
         "emergencyPhoneB":"",
         "bloodGroup":"",
         "birthDay":"1990-06-26",
         "image":"",
               "latitude": 27.710358,
               "longitude": 85.321949,
         "dateCreated":"",
         "dateModified":null,
         "dateDeleted":null
      },
      {  
         "firstName":"Pradip",
         "middleName":"",
         "lastName":"Chhwaju",
         "address":"Liwali-2 Bhaktapur",
         "country":"Nepal",
         "projectGroup":"Talend",
         "officialEmail":"pradip.chhwaju@procit.com",
         "personalEmail":"pradipchhwa@gmail.com",
         "mobilePhoneA":"9841693136",
         "mobilePhoneB":"",
         "homePhoneA":"016616180",
         "homePhoneB":"",
         "emergencyPhoneA":"9841648908",
         "emergencyPhoneB":"",
         "bloodGroup":"",
         "birthDay":"1990-12-16",
         "image":"",
               "latitude": 27.710358,
               "longitude": 85.321949,
         "dateCreated":"",
         "dateModified":null,
         "dateDeleted":null
      },
      {  
         "firstName":"Pragit",
         "middleName":"",
         "lastName":"Shrestha",
         "address":"Balambu",
         "country":"Nepal",
         "projectGroup":"Android",
         "officialEmail":"pragit.shrestha@procit.com",
         "personalEmail":"",
         "mobilePhoneA":"9841717040",
         "mobilePhoneB":"",
         "homePhoneA":"01-4310923",
         "homePhoneB":"",
         "emergencyPhoneA":"",
         "emergencyPhoneB":"",
         "bloodGroup":"",
         "birthDay":"1989-03-11",
         "image":"",
               "latitude": 27.710358,
               "longitude": 85.321949,
         "dateCreated":"",
         "dateModified":null,
         "dateDeleted":null
      },
      {  
         "firstName":"Prayen",
         "middleName":"",
         "lastName":"Shrestha",
         "address":"Ikhalakhu, Patan",
         "country":"Nepal",
         "projectGroup":"VWR",
         "officialEmail":"prayen.shresthal@procit.com",
         "personalEmail":"shresthaprayen@outlook.com",
         "mobilePhoneA":"9841183508",
         "mobilePhoneB":"",
         "homePhoneA":"",
         "homePhoneB":"",
         "emergencyPhoneA":"",
         "emergencyPhoneB":"",
         "bloodGroup":"",
         "birthDay":"1991-02-27",
         "image":"",
               "latitude": 27.710358,
               "longitude": 85.321949,
         "dateCreated":"",
         "dateModified":null,
         "dateDeleted":null
      },
      {  
         "firstName":"Rajeeb",
         "middleName":"Kumar",
         "lastName":"Tamrakar",
         "address":"Lamatar-8",
         "country":"Nepal",
         "projectGroup":"MOG",
         "officialEmail":"rajeeb.tandukar@procit.com",
         "personalEmail":"rt.rajeeb@gmail.com",
         "mobilePhoneA":"9802111646",
         "mobilePhoneB":"",
         "homePhoneA":"01-5582574",
         "homePhoneB":"",
         "emergencyPhoneA":"9803151220",
         "emergencyPhoneB":"9802100588",
         "bloodGroup":"",
         "birthDay":"1990-04-02",
         "image":"",
               "latitude": 27.710358,
               "longitude": 85.321949,
         "dateCreated":"",
         "dateModified":null,
         "dateDeleted":null
      },
      {  
         "firstName":"Ram",
         "middleName":"Prasad",
         "lastName":"Gautam",
         "address":"Shankhamul",
         "country":"Nepal",
         "projectGroup":"Probation",
         "officialEmail":"",
         "personalEmail":"rampd.procit@gmail.com",
         "mobilePhoneA":"9843336317",
         "mobilePhoneB":"",
         "homePhoneA":"",
         "homePhoneB":"",
         "emergencyPhoneA":"9749529830",
         "emergencyPhoneB":"",
         "bloodGroup":"",
         "birthDay":"1989-12-06",
         "image":"",
               "latitude": 27.710358,
               "longitude": 85.321949,
         "dateCreated":"",
         "dateModified":null,
         "dateDeleted":null
      },
      {  
         "firstName":"Raman",
         "middleName":"",
         "lastName":"Shrestha",
         "address":"Boudha",
         "country":"Nepal",
         "projectGroup":"Simim-NBR",
         "officialEmail":"raman.shrestha@procit.com",
         "personalEmail":"",
         "mobilePhoneA":"9841548167",
         "mobilePhoneB":"",
         "homePhoneA":"",
         "homePhoneB":"",
         "emergencyPhoneA":"",
         "emergencyPhoneB":"",
         "bloodGroup":"O+ve",
         "birthDay":"1989-12-20",
         "image":"",
               "latitude": 27.710358,
               "longitude": 85.321949,
         "dateCreated":"",
         "dateModified":null,
         "dateDeleted":null
      },
      {  
         "firstName":"Ram",
         "middleName":"Prasad",
         "lastName":"Gurung",
         "address":"Bagdol",
         "country":"Nepal",
         "projectGroup":"IOS",
         "officialEmail":"ram.gurung@procit.com",
         "personalEmail":"ram.gurung1990@gmail.com",
         "mobilePhoneA":"9841954542",
         "mobilePhoneB":"",
         "homePhoneA":"",
         "homePhoneB":"",
         "emergencyPhoneA":"9849602852",
         "emergencyPhoneB":"9849505751",
         "bloodGroup":"",
         "birthDay":"1990-11-14",
         "image":"",
               "latitude": 27.710358,
               "longitude": 85.321949,
         "dateCreated":"",
         "dateModified":null,
         "dateDeleted":null
      },
      {  
         "firstName":"Ram",
         "middleName":"Prasad",
         "lastName":"Gurung",
         "address":"Bagdol",
         "country":"Nepal",
         "projectGroup":"IOS",
         "officialEmail":"ram.gurung@procit.com",
         "personalEmail":"ram.gurung1990@gmail.com",
         "mobilePhoneA":"9841954542",
         "mobilePhoneB":"",
         "homePhoneA":"",
         "homePhoneB":"",
         "emergencyPhoneA":"",
         "emergencyPhoneB":"",
         "bloodGroup":"",
         "birthDay":"1990-11-14",
         "image":"",
               "latitude": 27.710358,
               "longitude": 85.321949,
         "dateCreated":"",
         "dateModified":null,
         "dateDeleted":null
      },
      {  
         "firstName":"Richa",
         "middleName":"",
         "lastName":"Vaidya",
         "address":"Soaltee Mode, Kathmandu",
         "country":"Nepal",
         "projectGroup":"Weboffice",
         "officialEmail":"richa.vaidya@procit.com",
         "personalEmail":"",
         "mobilePhoneA":"9841168997",
         "mobilePhoneB":"",
         "homePhoneA":"01-4282967",
         "homePhoneB":"",
         "emergencyPhoneA":"",
         "emergencyPhoneB":"",
         "bloodGroup":"",
         "birthDay":"1990-11-05",
         "image":"",
               "latitude": 27.710358,
               "longitude": 85.321949,
         "dateCreated":"",
         "dateModified":null,
         "dateDeleted":null
      },
      {  
         "firstName":"Rojan",
         "middleName":"",
         "lastName":"Shakya",
         "address":"Banepa-10, Kavre",
         "country":"Nepal",
         "projectGroup":"MKB",
         "officialEmail":"rojan.sakya@procit.com",
         "personalEmail":"rojanshay@yahoo.com",
         "mobilePhoneA":"9818826151",
         "mobilePhoneB":"",
         "homePhoneA":"011-661657",
         "homePhoneB":"",
         "emergencyPhoneA":"",
         "emergencyPhoneB":"",
         "bloodGroup":"",
         "birthDay":"1987-01-23",
         "image":"",
               "latitude": 27.710358,
               "longitude": 85.321949,
         "dateCreated":"",
         "dateModified":null,
         "dateDeleted":null
      },
      {  
         "firstName":"Sabin",
         "middleName":"",
         "lastName":"Shrestha",
         "address":"Maitidevi",
         "country":"Nepal",
         "projectGroup":"Webservices",
         "officialEmail":"sabin.shrestha@procit.com",
         "personalEmail":"nibshrestha05@gmail.com",
         "mobilePhoneA":"9808880604",
         "mobilePhoneB":"",
         "homePhoneA":"",
         "homePhoneB":"",
         "emergencyPhoneA":"",
         "emergencyPhoneB":"",
         "bloodGroup":"",
         "birthDay":"1988-08-21",
         "image":"",
               "latitude": 27.710358,
               "longitude": 85.321949,
         "dateCreated":"",
         "dateModified":null,
         "dateDeleted":null
      },
      {  
         "firstName":"Sabir",
         "middleName":"",
         "lastName":"Manandhar",
         "address":"Tankeshwor 157, Kalimati",
         "country":"Nepal",
         "projectGroup":"Android",
         "officialEmail":"sabir.manandhar@procit.com",
         "personalEmail":"",
         "mobilePhoneA":"9841238410",
         "mobilePhoneB":"",
         "homePhoneA":"",
         "homePhoneB":"",
         "emergencyPhoneA":"",
         "emergencyPhoneB":"",
         "bloodGroup":"A+ve",
         "birthDay":"1985-01-06",
         "image":"",
               "latitude": 27.710358,
               "longitude": 85.321949,
         "dateCreated":"",
         "dateModified":null,
         "dateDeleted":null
      },
      {  
         "firstName":"Sajish",
         "middleName":"",
         "lastName":"Shilpakar",
         "address":"Bhaktapur - 13",
         "country":"Nepal",
         "projectGroup":"Phonegap",
         "officialEmail":"sajish.shilpakar@procit.com",
         "personalEmail":"",
         "mobilePhoneA":"9841604423",
         "mobilePhoneB":"",
         "homePhoneA":"016610731",
         "homePhoneB":"",
         "emergencyPhoneA":"",
         "emergencyPhoneB":"",
         "bloodGroup":"A+ve",
         "birthDay":"1988-09-04",
         "image":"",
               "latitude": 27.710358,
               "longitude": 85.321949,
         "dateCreated":"",
         "dateModified":null,
         "dateDeleted":null
      },
      {  
         "firstName":"Sidhanta",
         "middleName":"",
         "lastName":"Shrestha",
         "address":"Sahachal",
         "country":"Nepal",
         "projectGroup":"",
         "officialEmail":"ssidhanta.shrestha@procit.com",
         "personalEmail":"sidhanta@hotmail.com",
         "mobilePhoneA":"9803093470",
         "mobilePhoneB":"",
         "homePhoneA":"",
         "homePhoneB":"",
         "emergencyPhoneA":"",
         "emergencyPhoneB":"",
         "bloodGroup":"AB+ve",
         "birthDay":"1983-05-21",
         "image":"",
               "latitude": 27.710358,
               "longitude": 85.321949,
         "dateCreated":"",
         "dateModified":null,
         "dateDeleted":null
      },
      {  
         "firstName":"Subash",
         "middleName":"Chandra",
         "lastName":"Dahal",
         "address":"Gongabu, Ward No-9",
         "country":"Nepal",
         "projectGroup":"Webservices",
         "officialEmail":"subash.dahal@procit.com",
         "personalEmail":"rockingsubash@hotmail.com",
         "mobilePhoneA":"9851181538",
         "mobilePhoneB":"",
         "homePhoneA":"01-4355028",
         "homePhoneB":"",
         "emergencyPhoneA":"",
         "emergencyPhoneB":"",
         "bloodGroup":"AB+ve",
         "birthDay":"1986-02-28",
         "image":"",
               "latitude": 27.710358,
               "longitude": 85.321949,
         "dateCreated":"",
         "dateModified":null,
         "dateDeleted":null
      },
      {  
         "firstName":"Sujan",
         "middleName":"",
         "lastName":"Shakya",
         "address":"Kwathandau-4",
         "country":"Nepal",
         "projectGroup":"Weboffice",
         "officialEmail":"sujan.shakya@procit.com",
         "personalEmail":"suzi_sakya@hotmail.com",
         "mobilePhoneA":"9841900183",
         "mobilePhoneB":"",
         "homePhoneA":"01661290",
         "homePhoneB":"",
         "emergencyPhoneA":"",
         "emergencyPhoneB":"",
         "bloodGroup":"",
         "birthDay":"1988-12-24",
         "image":"",
               "latitude": 27.710358,
               "longitude": 85.321949,
         "dateCreated":"",
         "dateModified":null,
         "dateDeleted":null
      },
      {  
         "firstName":"Sujan",
         "middleName":"",
         "lastName":"Shrestha Jr",
         "address":"Jadibuti, Koteshor",
         "country":"Nepal",
         "projectGroup":"Android",
         "officialEmail":"sujan.shrestha2@procit.com",
         "personalEmail":"sujan219@yahoo.com",
         "mobilePhoneA":"9849327744",
         "mobilePhoneB":"",
         "homePhoneA":"",
         "homePhoneB":"",
         "emergencyPhoneA":"",
         "emergencyPhoneB":"",
         "bloodGroup":"",
         "birthDay":"1992-05-31",
         "image":"",
               "latitude": 27.710358,
               "longitude": 85.321949,
         "dateCreated":"",
         "dateModified":null,
         "dateDeleted":null
      },
      {  
         "firstName":"Sujan",
         "middleName":"",
         "lastName":"Shrestha",
         "address":"Kamal Pokhari",
         "country":"Nepal",
         "projectGroup":"",
         "officialEmail":"sujan.shrestha@procit.com",
         "personalEmail":"suzi_sakya@hotmail.com",
         "mobilePhoneA":"9841288494",
         "mobilePhoneB":"",
         "homePhoneA":"01-4413514",
         "homePhoneB":"01-4412723",
         "emergencyPhoneA":"",
         "emergencyPhoneB":"",
         "bloodGroup":"O+ve",
         "birthDay":"1978-11-10",
         "image":"",
               "latitude": 27.710358,
               "longitude": 85.321949,
         "dateCreated":"",
         "dateModified":null,
         "dateDeleted":null
      },
      {  
         "firstName":"Sujesh",
         "middleName":"Harsha",
         "lastName":"Bajracharya",
         "address":"Mephi",
         "country":"Nepal",
         "projectGroup":"Designer",
         "officialEmail":"sujesh.bajracharya@procit.com",
         "personalEmail":"sujeshharshabajracharya@gmail.com",
         "mobilePhoneA":"9843466230",
         "mobilePhoneB":"",
         "homePhoneA":"01-4358822",
         "homePhoneB":"",
         "emergencyPhoneA":"9841675373",
         "emergencyPhoneB":"9849325246",
         "bloodGroup":"",
         "birthDay":"1993-02-23",
         "image":"",
               "latitude": 27.710358,
               "longitude": 85.321949,
         "dateCreated":"",
         "dateModified":null,
         "dateDeleted":null
      },
      {  
         "firstName":"Suraj",
         "middleName":"",
         "lastName":"Shrestha",
         "address":"Balaju",
         "country":"Nepal",
         "projectGroup":"Inspectation",
         "officialEmail":"suraj.shrestha@procit.com",
         "personalEmail":"amicable_suraj@hotmail.com",
         "mobilePhoneA":"9841484994",
         "mobilePhoneB":"",
         "homePhoneA":"01-4384132",
         "homePhoneB":"",
         "emergencyPhoneA":"",
         "emergencyPhoneB":"",
         "bloodGroup":"B+Ve",
         "birthDay":"1986-08-05",
         "image":"",
               "latitude": 27.710358,
               "longitude": 85.321949,
         "dateCreated":"",
         "dateModified":null,
         "dateDeleted":null
      },
      {  
         "firstName":"Swoyuj",
         "middleName":"",
         "lastName":"Bajracharya",
         "address":"Sankhadhar Chowk – 14",
         "country":"Nepal",
         "projectGroup":"MOG",
         "officialEmail":"swoyuj.bajracharya@procit.com",
         "personalEmail":"islingtonswoyuj@gmail.com",
         "mobilePhoneA":"9843466230",
         "mobilePhoneB":"",
         "homePhoneA":"01-4358822",
         "homePhoneB":"",
         "emergencyPhoneA":"9751013435",
         "emergencyPhoneB":"",
         "bloodGroup":"",
         "birthDay":"1991-05-26",
         "image":"",
               "latitude": 27.710358,
               "longitude": 85.321949,
         "dateCreated":"",
         "dateModified":null,
         "dateDeleted":null
      },
      {  
         "firstName":"Umesh",
         "middleName":"",
         "lastName":"Tandukar",
         "address":"Kupondole",
         "country":"Nepal",
         "projectGroup":"Tester",
         "officialEmail":"umesh.tandukar@procit.com",
         "personalEmail":"er.umesh.ut@gmail.com",
         "mobilePhoneA":"9841959952",
         "mobilePhoneB":"",
         "homePhoneA":"",
         "homePhoneB":"",
         "emergencyPhoneA":"9841716485",
         "emergencyPhoneB":"9841700691",
         "bloodGroup":"",
         "birthDay":"1991-02-21",
         "image":"",
               "latitude": 27.710358,
               "longitude": 85.321949,
         "dateCreated":"",
         "dateModified":null,
         "dateDeleted":null
      },
      {  
         "firstName":"Vivek",
         "middleName":"",
         "lastName":"Shrestha",
         "address":"Thapathali",
         "country":"Nepal",
         "projectGroup":"Weboffice",
         "officialEmail":"vivek.shrestha@procit.com",
         "personalEmail":"vivek.shres@gmail.com",
         "mobilePhoneA":"9803591821",
         "mobilePhoneB":"",
         "homePhoneA":"01-4260840",
         "homePhoneB":"",
         "emergencyPhoneA":"",
         "emergencyPhoneB":"",
         "bloodGroup":"",
         "birthDay":"1989-01-09",
         "image":"",
               "latitude": 27.710358,
               "longitude": 85.321949,
         "dateCreated":"",
         "dateModified":null,
         "dateDeleted":null
      }
   ]
}